{
  "model": "ChurnMLP",
  "framework": "pytorch",
  "input_dim": 49,
  "hidden_dims": [
    128,
    64
  ],
  "dropout": 0.3,
  "lr": 0.0005,
  "outer_test_size": 0.2,
  "inner_val_size": 0.2,
  "random_seed": 42,
  "production_operating_point": "max_f1",
  "production_threshold": 0.43989819288253784,
  "operating_points": {
    "default_0.5": {
      "accuracy": 0.7416607523066004,
      "precision": 0.5085910652920962,
      "recall": 0.7914438502673797,
      "f1": 0.6192468619246861,
      "roc_auc": 0.8430700870598568,
      "pr_auc": 0.632081383788452,
      "tn": 749,
      "fp": 286,
      "fn": 78,
      "tp": 296,
      "threshold": 0.5
    },
    "max_f1": {
      "accuracy": 0.7295954577714692,
      "precision": 0.49453978159126366,
      "recall": 0.8475935828877005,
      "f1": 0.6246305418719211,
      "roc_auc": 0.8430700870598568,
      "pr_auc": 0.632081383788452,
      "tn": 711,
      "fp": 324,
      "fn": 57,
      "tp": 317,
      "threshold": 0.43989819288253784
    },
    "recall_min_0.85": {
      "accuracy": 0.7267565649396736,
      "precision": 0.49149922720247297,
      "recall": 0.8502673796791443,
      "f1": 0.6229187071498531,
      "roc_auc": 0.8430700870598568,
      "pr_auc": 0.632081383788452,
      "tn": 706,
      "fp": 329,
      "fn": 56,
      "tp": 318,
      "threshold": 0.43550175428390503
    },
    "cost_optimal_1_to_5": {
      "accuracy": 0.7019162526614621,
      "precision": 0.467966573816156,
      "recall": 0.8983957219251337,
      "f1": 0.6153846153846154,
      "roc_auc": 0.8430700870598568,
      "pr_auc": 0.632081383788452,
      "tn": 653,
      "fp": 382,
      "fn": 38,
      "tp": 336,
      "threshold": 0.37
    }
  }
}